<Mirror.tk>
    <J>
        <aim_enable>1</aim_enable>
        <aim_silent>1</aim_silent>
        <acc_scope>1</acc_scope>
        <acc_zeusisgay>4</acc_zeusisgay>
        <acc_aaa>1</acc_aaa>
        <multipoint_enable>1</multipoint_enable>
        <hitbox_scale_head>15.063925</hitbox_scale_head>
        <hitbox_scale_upperbody>19.911394</hitbox_scale_upperbody>
        <hitbox_scale_body>35.929111</hitbox_scale_body>
        <hitbox_scale_legs>1.1537975</hitbox_scale_legs>
        <lag_pred>2</lag_pred>
        <delay_shot>3</delay_shot>
        <acc_extra_P_lation>1</acc_extra_P_lation>
        <bodyaim_fake>0</bodyaim_fake>
        <bodyaim_fakewalk>0</bodyaim_fakewalk>
        <bodyaim_inair>0</bodyaim_inair>
        <bodyaim_head_walking>1</bodyaim_head_walking>
        <acc_BaimIfUnderXHealth>41.98312</acc_BaimIfUnderXHealth>
        <acc_bigbaim>5</acc_bigbaim>
        <bodyaim_ifmoving>1</bodyaim_ifmoving>
        <tgt_hitscan_autosniper>3</tgt_hitscan_autosniper>
        <auto_hitchance>58.649792</auto_hitchance>
        <auto_minimumdamage>57.594936</auto_minimumdamage>
        <tgt_hitscan_pistol>2</tgt_hitscan_pistol>
        <pistol_hitchance>40.506329</pistol_hitchance>
        <pistol_minimumdamage>18.987341</pistol_minimumdamage>
        <tgt_hitscan_scout>1</tgt_hitscan_scout>
        <scout_hitchance>89.662445</scout_hitchance>
        <scout_minimumdamage>100</scout_minimumdamage>
        <tgt_hitscan_awp>3</tgt_hitscan_awp>
        <awp_hitchance>48.734177</awp_hitchance>
        <awp_minimumdamage>89.926163</awp_minimumdamage>
        <tgt_hitscan_smg>1</tgt_hitscan_smg>
        <otr_hitchance>29.746836</otr_hitchance>
        <otr_minimumdamage>15.400844</otr_minimumdamage>
        <tgt_hitscan_otr>2</tgt_hitscan_otr>
        <otr_hitchance>29.746836</otr_hitchance>
        <otr_minimumdamage>15.400844</otr_minimumdamage>
    </J>
    <D>
        <active>1</active>
        <active>1</active>
        <opt_box>0</opt_box>
        <opt_name>1</opt_name>
        <opt_hp>2</opt_hp>
        <otr_armor>2</otr_armor>
        <opt_info>1</opt_info>
        <opt_bone>0</opt_bone>
        <kysquecest>1</kysquecest>
        <urmomsucksass>1</urmomsucksass>
        <opt_glowz>100</opt_glowz>
        <opt_team_glow>0</opt_team_glow>
        <opt_glowz_lcl>0</opt_glowz_lcl>
        <ftr_players>1</ftr_players>
        <ftr_enemyonly>0</ftr_enemyonly>
        <ftr_nades>0</ftr_nades>
        <ftr_c4>1</ftr_c4>
        <ftr_optimize>1</ftr_optimize>
        <ftr_weapon_toggle>1</ftr_weapon_toggle>
        <ftr_weaps>0</ftr_weaps>
        <ftr_antiaim>1</ftr_antiaim>
        <v_spreadcrosshair>0</v_spreadcrosshair>
        <otr_crosshair>0</otr_crosshair>
        <otr_noscope>1</otr_noscope>
        <otr_remv_zoom>0</otr_remv_zoom>
        <otr_noflash>1</otr_noflash>
        <otr_stolen_from_punknown_muahahaha>10</otr_stolen_from_punknown_muahahaha>
        <otr_nosmoke>1</otr_nosmoke>
        <otr_visrecoil>1</otr_visrecoil>
        <otr_viewfov>79.852943</otr_viewfov>
        <otr_fov>15.441176</otr_fov>
        <otr_override_viewmodel_offset>0</otr_override_viewmodel_offset>
        <otr_offset_x>2.5</otr_offset_x>
        <otr_offset_Y>2</otr_offset_Y>
        <otr_offset_z>-2</otr_offset_z>
        <otr_LBYIndicator>0</otr_LBYIndicator>
        <otr_LCIndicator>0</otr_LCIndicator>
        <otr_FakeDuckIndicator>0</otr_FakeDuckIndicator>
        <otr_desync_indicator>0</otr_desync_indicator>
        <manualaa>0</manualaa>
        <otr_killfeed>0</otr_killfeed>
        <cheatinfox>1</cheatinfox>
        <otr_world_ent_glow>0</otr_world_ent_glow>
        <otr_hitmarker>0</otr_hitmarker>
        <otr_watermark>1</otr_watermark>
        <otr_skeetpaste>2</otr_skeetpaste>
        <otr_zoomkey>67</otr_zoomkey>
        <chams_enenmy_selection>2</chams_enenmy_selection>
        <chams_team_selection>0</chams_team_selection>
        <otr_visiblechams_type>5</otr_visiblechams_type>
        <otr_invisiblechams_type>4</otr_invisiblechams_type>
        <chams_local>0</chams_local>
        <esp_localscopedmat>1</esp_localscopedmat>
        <chams_local_hand>0</chams_local_hand>
        <chams_local_weapon>0</chams_local_weapon>
        <remove_Sleeve>8</remove_Sleeve>
        <esp_transparency>4.8913045</esp_transparency>
        <esp_hand_transparency>100</esp_hand_transparency>
        <esp_gun_transparency>100</esp_gun_transparency>
        <esp_sleeve_transparency>23.913044</esp_sleeve_transparency>
        <esp_teamblend>69.565216</esp_teamblend>
        <otr_night>0</otr_night>
        <otr_skycustom>3</otr_skycustom>
        <night_amm>10.326087</night_amm>
        <otr_asusprops>100</otr_asusprops>
        <sky_box_color_enable>1</sky_box_color_enable>
        <sky_r>19.701088</sky_r>
        <sky_g>1</sky_g>
        <sky_b>4.619565</sky_b>
    </D>
    <C>
        <otr_safemode>0</otr_safemode>
        <otr_autojump>1</otr_autojump>
        <otr_strafe>1</otr_strafe>
        <hitmarker_sound>1</hitmarker_sound>
        <aa_1thirpbind>1</aa_1thirpbind>
        <aa_thirpbind>88</aa_thirpbind>
        <Radar>1</Radar>
        <misc_radar_xax1>950.10309</misc_radar_xax1>
        <misc_radar_yax2>868.45361</misc_radar_yax2>
        <misc_autojump_type>0</misc_autojump_type>
        <misc_killsay>00</misc_killsay>
        <misc_NameChanger>0</misc_NameChanger>
        <infinteduck>1</infinteduck>
        <buybot_primary>1</buybot_primary>
        <buybot_secondary>0</buybot_secondary>
        <buybot_other>1101111</buybot_other>
        <aa_enable>1</aa_enable>
        <aa_x>1</aa_x>
        <aa_y>4</aa_y>
        <c_addjitter_stand>0</c_addjitter_stand>
        <aa_y2>7</aa_y2>
        <c_addjitter_move>0</c_addjitter_move>
        <aa_y3>6</aa_y3>
        <v_desync_aa_stand>1</v_desync_aa_stand>
        <v_desync_aa_move>1</v_desync_aa_move>
        <minimal_walk>16</minimal_walk>
        <otr_meh>1</otr_meh>
        <disable_on_dormant>0</disable_on_dormant>
        <fakelag_stand_val>1</fakelag_stand_val>
        <fakelag_move_val>3.7835052</fakelag_move_val>
        <fakelag_jump_val>12.907216</fakelag_jump_val>
        <fakelag_spike>3</fakelag_spike>
        <fakelag_onkey>-1</fakelag_onkey>
        <fakelag_breaklc>0</fakelag_breaklc>
        <fakelag_unlockmax>0</fakelag_unlockmax>
        <fakelag_fakducking>14</fakelag_fakducking>
        <fakelag_show_lagmodel>1</fakelag_show_lagmodel>
        <otr_keybasedleft>39</otr_keybasedleft>
        <otr_keybasedright>37</otr_keybasedright>
        <otr_keybasedback>40</otr_keybasedback>
        <otr_manualfrontk>38</otr_manualfrontk>
        <fakewalk_key>-1</fakewalk_key>
        <b_randlbyr>129.69072</b_randlbyr>
        <fake_crouch>1</fake_crouch>
        <fake_crouch_key>6</fake_crouch_key>
        <acc_quickstop>1</acc_quickstop>
        <acc_quickcrouch>0</acc_quickcrouch>
        <desync_type_stand>0</desync_type_stand>
        <desync_type_moving>0</desync_type_moving>
        <desync_twist_onshot>0</desync_twist_onshot>
        <desync_manual_left>37</desync_manual_left>
        <desync_manual_right>39</desync_manual_right>
    </C>
    <G>
        <player_espname_color>255 255 255 255</player_espname_color>
        <player_espbox_color>255 255 255 255</player_espbox_color>
        <player_skeleton_color>255 255 255 255</player_skeleton_color>
        <player_skeletonteam_color>255 255 255 255</player_skeletonteam_color>
        <player_glowenemy_color>255 255 255 255</player_glowenemy_color>
        <player_glowteam_color>255 255 255 255</player_glowteam_color>
        <player_glowother_color>255 255 255 255</player_glowother_color>
        <player_glowlocal_color>255 255 255 255</player_glowlocal_color>
        <player_weapons_color>255 255 255 255</player_weapons_color>
        <player_weapons_color_team>255 255 255 255</player_weapons_color_team>
        <player_ammo_color>255 255 255 255</player_ammo_color>
        <player_chamslocal_color>255 255 255 255</player_chamslocal_color>
        <player_chamsEVIS_color>6 36 248 255</player_chamsEVIS_color>
        <player_chamsENVIS_color>47 10 244 255</player_chamsENVIS_color>
        <player_ChamsTeamVis>13 108 241 255</player_ChamsTeamVis>
        <player_ChamsTeamNotVis>255 255 255 255</player_ChamsTeamNotVis>
        <scope_c>255 255 255 255</scope_c>
        <misc_lagcomp>26 176 228 255</misc_lagcomp>
        <misc_lagcompBones>250 250 250 255</misc_lagcompBones>
        <weapon_spreadcross_col>255 255 255 255</weapon_spreadcross_col>
        <handchams_col>255 255 255 255</handchams_col>
        <gunchams_col>255 255 255 255</gunchams_col>
        <player_chams_sleeves_color>255 255 255 255</player_chams_sleeves_color>
        <player_real_yaw_arrow>116 12 242 255</player_real_yaw_arrow>
        <player_fake_yaw_arrow>241 34 13 255</player_fake_yaw_arrow>
        <menu_bar_mode>0</menu_bar_mode>
        <outlred>65.721649</outlred>
        <outlgreen>0</outlgreen>
        <outlblue>255</outlblue>
        <inlred>120.92783</inlred>
        <inlgreen>60.463917</inlgreen>
        <inlblue>230</inlblue>
        <inrred>110.41237</inrred>
        <inrgreen>60.463917</inrgreen>
        <inrblue>223.45361</inrblue>
        <outrred>63.092785</outrred>
        <outrgreen>0</outrgreen>
        <outrblue>255</outrblue>
        <bomb_timer>250 10 90 230</bomb_timer>
        <menu_color>76 5 249 255</menu_color>
        <eventlog_colour>218 37 200 255</eventlog_colour>
        <lagcompensationyes>0</lagcompensationyes>
        <spookybonesOwOomg>0</spookybonesOwOomg>
        <otr_clantg>0</otr_clantg>
        <owo_backdrop>1</owo_backdrop>
        <owo_slider>0</owo_slider>
    </G>
    <B>
        <t_knife_index>2</t_knife_index>
        <t_knife_seed>1</t_knife_seed>
        <t_knife_skin>0</t_knife_skin>
    </B>
</Mirror.tk>
